"filename", "language", "JSON", "XML", "JavaScript", "Markdown", "HTML", "SCSS", "Ruby", "TypeScript", "YAML", "comment", "blank", "total"
"c:\Users\juliu\Documents\KBSE\Minimal22\.angulardoc.json", "JSON", 4, 0, 0, 0, 0, 0, 0, 0, 0, 0, 0, 4
"c:\Users\juliu\Documents\KBSE\Minimal22\.github\workflows\ionicBuild.yml", "YAML", 0, 0, 0, 0, 0, 0, 0, 0, 77, 5, 5, 87
"c:\Users\juliu\Documents\KBSE\Minimal22\angular.json", "JSON", 110, 0, 0, 0, 0, 0, 0, 0, 0, 83, 0, 193
"c:\Users\juliu\Documents\KBSE\Minimal22\capacitor.config.json", "JSON", 24, 0, 0, 0, 0, 0, 0, 0, 0, 0, 1, 25
"c:\Users\juliu\Documents\KBSE\Minimal22\config.xml", "XML", 0, 129, 0, 0, 0, 0, 0, 0, 0, 0, 1, 130
"c:\Users\juliu\Documents\KBSE\Minimal22\e2e\protractor.conf.js", "JavaScript", 0, 0, 24, 0, 0, 0, 0, 0, 0, 2, 3, 29
"c:\Users\juliu\Documents\KBSE\Minimal22\e2e\src\app.e2e-spec.ts", "TypeScript", 0, 0, 0, 0, 0, 0, 0, 11, 0, 0, 4, 15
"c:\Users\juliu\Documents\KBSE\Minimal22\e2e\src\app.po.ts", "TypeScript", 0, 0, 0, 0, 0, 0, 0, 9, 0, 0, 3, 12
"c:\Users\juliu\Documents\KBSE\Minimal22\e2e\tsconfig.json", "JSON", 13, 0, 0, 0, 0, 0, 0, 0, 0, 0, 1, 14
"c:\Users\juliu\Documents\KBSE\Minimal22\google-services.json", "JSON", 47, 0, 0, 0, 0, 0, 0, 0, 0, 0, 0, 47
"c:\Users\juliu\Documents\KBSE\Minimal22\ionic.config.json", "JSON", 8, 0, 0, 0, 0, 0, 0, 0, 0, 0, 1, 9
"c:\Users\juliu\Documents\KBSE\Minimal22\karma.conf.js", "JavaScript", 0, 0, 28, 0, 0, 0, 0, 0, 0, 2, 2, 32
"c:\Users\juliu\Documents\KBSE\Minimal22\package-lock.json", "JSON", 20840, 0, 0, 0, 0, 0, 0, 0, 0, 0, 1, 20841
"c:\Users\juliu\Documents\KBSE\Minimal22\package.json", "JSON", 151, 0, 0, 0, 0, 0, 0, 0, 0, 0, 0, 151
"c:\Users\juliu\Documents\KBSE\Minimal22\resources\README.md", "Markdown", 0, 0, 0, 6, 0, 0, 0, 0, 0, 0, 3, 9
"c:\Users\juliu\Documents\KBSE\Minimal22\resources\android\xml\network_security_config.xml", "XML", 0, 6, 0, 0, 0, 0, 0, 0, 0, 0, 1, 7
"c:\Users\juliu\Documents\KBSE\Minimal22\scripts\addGoogleServiceToXcode.rb", "Ruby", 0, 0, 0, 0, 0, 0, 14, 0, 0, 1, 0, 15
"c:\Users\juliu\Documents\KBSE\Minimal22\src\app\Classess\map\map.spec.ts", "TypeScript", 0, 0, 0, 0, 0, 0, 0, 0, 0, 0, 1, 1
"c:\Users\juliu\Documents\KBSE\Minimal22\src\app\Classess\map\map.ts", "TypeScript", 0, 0, 0, 0, 0, 0, 0, 229, 0, 0, 32, 261
"c:\Users\juliu\Documents\KBSE\Minimal22\src\app\Components\button-overlay\button-overlay.component.html", "HTML", 0, 0, 0, 0, 23, 0, 0, 0, 0, 0, 2, 25
"c:\Users\juliu\Documents\KBSE\Minimal22\src\app\Components\button-overlay\button-overlay.component.scss", "SCSS", 0, 0, 0, 0, 0, 91, 0, 0, 0, 0, 6, 97
"c:\Users\juliu\Documents\KBSE\Minimal22\src\app\Components\button-overlay\button-overlay.component.spec.ts", "TypeScript", 0, 0, 0, 0, 0, 0, 0, 19, 0, 0, 6, 25
"c:\Users\juliu\Documents\KBSE\Minimal22\src\app\Components\button-overlay\button-overlay.component.ts", "TypeScript", 0, 0, 0, 0, 0, 0, 0, 47, 0, 0, 8, 55
"c:\Users\juliu\Documents\KBSE\Minimal22\src\app\Components\components.module.ts", "TypeScript", 0, 0, 0, 0, 0, 0, 0, 36, 0, 0, 1, 37
"c:\Users\juliu\Documents\KBSE\Minimal22\src\app\Components\edit-favor-sequence\edit-favor-sequence.component.html", "HTML", 0, 0, 0, 0, 59, 0, 0, 0, 0, 0, 3, 62
"c:\Users\juliu\Documents\KBSE\Minimal22\src\app\Components\edit-favor-sequence\edit-favor-sequence.component.scss", "SCSS", 0, 0, 0, 0, 0, 44, 0, 0, 0, 0, 1, 45
"c:\Users\juliu\Documents\KBSE\Minimal22\src\app\Components\edit-favor-sequence\edit-favor-sequence.component.spec.ts", "TypeScript", 0, 0, 0, 0, 0, 0, 0, 19, 0, 0, 6, 25
"c:\Users\juliu\Documents\KBSE\Minimal22\src\app\Components\edit-favor-sequence\edit-favor-sequence.component.ts", "TypeScript", 0, 0, 0, 0, 0, 0, 0, 16, 0, 0, 3, 19
"c:\Users\juliu\Documents\KBSE\Minimal22\src\app\Components\edit-favorite\edit-favorite.component.html", "HTML", 0, 0, 0, 0, 62, 0, 0, 0, 0, 0, 3, 65
"c:\Users\juliu\Documents\KBSE\Minimal22\src\app\Components\edit-favorite\edit-favorite.component.scss", "SCSS", 0, 0, 0, 0, 0, 44, 0, 0, 0, 0, 1, 45
"c:\Users\juliu\Documents\KBSE\Minimal22\src\app\Components\edit-favorite\edit-favorite.component.spec.ts", "TypeScript", 0, 0, 0, 0, 0, 0, 0, 19, 0, 0, 6, 25
"c:\Users\juliu\Documents\KBSE\Minimal22\src\app\Components\edit-favorite\edit-favorite.component.ts", "TypeScript", 0, 0, 0, 0, 0, 0, 0, 48, 0, 2, 11, 61
"c:\Users\juliu\Documents\KBSE\Minimal22\src\app\Components\explain-slides\explain-slides.component.html", "HTML", 0, 0, 0, 0, 103, 0, 0, 0, 0, 0, 0, 103
"c:\Users\juliu\Documents\KBSE\Minimal22\src\app\Components\explain-slides\explain-slides.component.scss", "SCSS", 0, 0, 0, 0, 0, 139, 0, 0, 0, 2, 19, 160
"c:\Users\juliu\Documents\KBSE\Minimal22\src\app\Components\explain-slides\explain-slides.component.spec.ts", "TypeScript", 0, 0, 0, 0, 0, 0, 0, 19, 0, 0, 6, 25
"c:\Users\juliu\Documents\KBSE\Minimal22\src\app\Components\explain-slides\explain-slides.component.ts", "TypeScript", 0, 0, 0, 0, 0, 0, 0, 117, 0, 1, 16, 134
"c:\Users\juliu\Documents\KBSE\Minimal22\src\app\Components\main-menu\main-menu.component.html", "HTML", 0, 0, 0, 0, 35, 0, 0, 0, 0, 0, 4, 39
"c:\Users\juliu\Documents\KBSE\Minimal22\src\app\Components\main-menu\main-menu.component.scss", "SCSS", 0, 0, 0, 0, 0, 74, 0, 0, 0, 2, 14, 90
"c:\Users\juliu\Documents\KBSE\Minimal22\src\app\Components\main-menu\main-menu.component.spec.ts", "TypeScript", 0, 0, 0, 0, 0, 0, 0, 19, 0, 0, 6, 25
"c:\Users\juliu\Documents\KBSE\Minimal22\src\app\Components\main-menu\main-menu.component.ts", "TypeScript", 0, 0, 0, 0, 0, 0, 0, 109, 0, 1, 16, 126
"c:\Users\juliu\Documents\KBSE\Minimal22\src\app\Components\map-box\map-box.component.html", "HTML", 0, 0, 0, 0, 1, 0, 0, 0, 0, 0, 1, 2
"c:\Users\juliu\Documents\KBSE\Minimal22\src\app\Components\map-box\map-box.component.scss", "SCSS", 0, 0, 0, 0, 0, 13, 0, 0, 0, 0, 3, 16
"c:\Users\juliu\Documents\KBSE\Minimal22\src\app\Components\map-box\map-box.component.spec.ts", "TypeScript", 0, 0, 0, 0, 0, 0, 0, 19, 0, 0, 6, 25
"c:\Users\juliu\Documents\KBSE\Minimal22\src\app\Components\map-box\map-box.component.ts", "TypeScript", 0, 0, 0, 0, 0, 0, 0, 644, 0, 8, 59, 711
"c:\Users\juliu\Documents\KBSE\Minimal22\src\app\Components\ride-indicator-assembly\ride-indicator-assembly.component.html", "HTML", 0, 0, 0, 0, 29, 0, 0, 0, 0, 0, 0, 29
"c:\Users\juliu\Documents\KBSE\Minimal22\src\app\Components\ride-indicator-assembly\ride-indicator-assembly.component.scss", "SCSS", 0, 0, 0, 0, 0, 133, 0, 0, 0, 4, 30, 167
"c:\Users\juliu\Documents\KBSE\Minimal22\src\app\Components\ride-indicator-assembly\ride-indicator-assembly.component.spec.ts", "TypeScript", 0, 0, 0, 0, 0, 0, 0, 19, 0, 0, 6, 25
"c:\Users\juliu\Documents\KBSE\Minimal22\src\app\Components\ride-indicator-assembly\ride-indicator-assembly.component.ts", "TypeScript", 0, 0, 0, 0, 0, 0, 0, 14, 0, 0, 6, 20
"c:\Users\juliu\Documents\KBSE\Minimal22\src\app\Components\ride-indicator-final\ride-indicator-final.component.html", "HTML", 0, 0, 0, 0, 18, 0, 0, 0, 0, 0, 1, 19
"c:\Users\juliu\Documents\KBSE\Minimal22\src\app\Components\ride-indicator-final\ride-indicator-final.component.scss", "SCSS", 0, 0, 0, 0, 0, 124, 0, 0, 0, 4, 32, 160
"c:\Users\juliu\Documents\KBSE\Minimal22\src\app\Components\ride-indicator-final\ride-indicator-final.component.spec.ts", "TypeScript", 0, 0, 0, 0, 0, 0, 0, 19, 0, 0, 6, 25
"c:\Users\juliu\Documents\KBSE\Minimal22\src\app\Components\ride-indicator-final\ride-indicator-final.component.ts", "TypeScript", 0, 0, 0, 0, 0, 0, 0, 14, 0, 0, 5, 19
"c:\Users\juliu\Documents\KBSE\Minimal22\src\app\Components\ride-indicator-free\ride-indicator-free.component.html", "HTML", 0, 0, 0, 0, 5, 0, 0, 0, 0, 5, 0, 10
"c:\Users\juliu\Documents\KBSE\Minimal22\src\app\Components\ride-indicator-free\ride-indicator-free.component.scss", "SCSS", 0, 0, 0, 0, 0, 85, 0, 0, 0, 4, 23, 112
"c:\Users\juliu\Documents\KBSE\Minimal22\src\app\Components\ride-indicator-free\ride-indicator-free.component.spec.ts", "TypeScript", 0, 0, 0, 0, 0, 0, 0, 19, 0, 0, 6, 25
"c:\Users\juliu\Documents\KBSE\Minimal22\src\app\Components\ride-indicator-free\ride-indicator-free.component.ts", "TypeScript", 0, 0, 0, 0, 0, 0, 0, 36, 0, 4, 6, 46
"c:\Users\juliu\Documents\KBSE\Minimal22\src\app\Components\ride-indicator\ride-indicator.component.html", "HTML", 0, 0, 0, 0, 3, 0, 0, 0, 0, 0, 0, 3
"c:\Users\juliu\Documents\KBSE\Minimal22\src\app\Components\ride-indicator\ride-indicator.component.scss", "SCSS", 0, 0, 0, 0, 0, 13, 0, 0, 0, 0, 1, 14
"c:\Users\juliu\Documents\KBSE\Minimal22\src\app\Components\ride-indicator\ride-indicator.component.spec.ts", "TypeScript", 0, 0, 0, 0, 0, 0, 0, 19, 0, 0, 6, 25
"c:\Users\juliu\Documents\KBSE\Minimal22\src\app\Components\ride-indicator\ride-indicator.component.ts", "TypeScript", 0, 0, 0, 0, 0, 0, 0, 30, 0, 4, 5, 39
"c:\Users\juliu\Documents\KBSE\Minimal22\src\app\Components\ride-map-assembly\ride-map-assembly.component.html", "HTML", 0, 0, 0, 0, 35, 0, 0, 0, 0, 0, 0, 35
"c:\Users\juliu\Documents\KBSE\Minimal22\src\app\Components\ride-map-assembly\ride-map-assembly.component.scss", "SCSS", 0, 0, 0, 0, 0, 153, 0, 0, 0, 4, 31, 188
"c:\Users\juliu\Documents\KBSE\Minimal22\src\app\Components\ride-map-assembly\ride-map-assembly.component.spec.ts", "TypeScript", 0, 0, 0, 0, 0, 0, 0, 19, 0, 0, 6, 25
"c:\Users\juliu\Documents\KBSE\Minimal22\src\app\Components\ride-map-assembly\ride-map-assembly.component.ts", "TypeScript", 0, 0, 0, 0, 0, 0, 0, 24, 0, 0, 9, 33
"c:\Users\juliu\Documents\KBSE\Minimal22\src\app\Components\ride-map-final\ride-map-final.component.html", "HTML", 0, 0, 0, 0, 21, 0, 0, 0, 0, 0, 1, 22
"c:\Users\juliu\Documents\KBSE\Minimal22\src\app\Components\ride-map-final\ride-map-final.component.scss", "SCSS", 0, 0, 0, 0, 0, 132, 0, 0, 0, 4, 31, 167
"c:\Users\juliu\Documents\KBSE\Minimal22\src\app\Components\ride-map-final\ride-map-final.component.spec.ts", "TypeScript", 0, 0, 0, 0, 0, 0, 0, 19, 0, 0, 6, 25
"c:\Users\juliu\Documents\KBSE\Minimal22\src\app\Components\ride-map-final\ride-map-final.component.ts", "TypeScript", 0, 0, 0, 0, 0, 0, 0, 10, 0, 0, 5, 15
"c:\Users\juliu\Documents\KBSE\Minimal22\src\app\Components\riding-info\riding-info.component.html", "HTML", 0, 0, 0, 0, 99, 0, 0, 0, 0, 6, 20, 125
"c:\Users\juliu\Documents\KBSE\Minimal22\src\app\Components\riding-info\riding-info.component.scss", "SCSS", 0, 0, 0, 0, 0, 57, 0, 0, 0, 3, 13, 73
"c:\Users\juliu\Documents\KBSE\Minimal22\src\app\Components\riding-info\riding-info.component.spec.ts", "TypeScript", 0, 0, 0, 0, 0, 0, 0, 19, 0, 0, 6, 25
"c:\Users\juliu\Documents\KBSE\Minimal22\src\app\Components\riding-info\riding-info.component.ts", "TypeScript", 0, 0, 0, 0, 0, 0, 0, 182, 0, 6, 41, 229
"c:\Users\juliu\Documents\KBSE\Minimal22\src\app\Components\riding-toggle\riding-toggle.component.html", "HTML", 0, 0, 0, 0, 3, 0, 0, 0, 0, 0, 0, 3
"c:\Users\juliu\Documents\KBSE\Minimal22\src\app\Components\riding-toggle\riding-toggle.component.scss", "SCSS", 0, 0, 0, 0, 0, 70, 0, 0, 0, 11, 17, 98
"c:\Users\juliu\Documents\KBSE\Minimal22\src\app\Components\riding-toggle\riding-toggle.component.spec.ts", "TypeScript", 0, 0, 0, 0, 0, 0, 0, 19, 0, 0, 6, 25
"c:\Users\juliu\Documents\KBSE\Minimal22\src\app\Components\riding-toggle\riding-toggle.component.ts", "TypeScript", 0, 0, 0, 0, 0, 0, 0, 32, 0, 0, 7, 39
"c:\Users\juliu\Documents\KBSE\Minimal22\src\app\Components\router-info-in-bottom\router-info-in-bottom.component.html", "HTML", 0, 0, 0, 0, 16, 0, 0, 0, 0, 0, 4, 20
"c:\Users\juliu\Documents\KBSE\Minimal22\src\app\Components\router-info-in-bottom\router-info-in-bottom.component.scss", "SCSS", 0, 0, 0, 0, 0, 49, 0, 0, 0, 0, 10, 59
"c:\Users\juliu\Documents\KBSE\Minimal22\src\app\Components\router-info-in-bottom\router-info-in-bottom.component.spec.ts", "TypeScript", 0, 0, 0, 0, 0, 0, 0, 19, 0, 0, 6, 25
"c:\Users\juliu\Documents\KBSE\Minimal22\src\app\Components\router-info-in-bottom\router-info-in-bottom.component.ts", "TypeScript", 0, 0, 0, 0, 0, 0, 0, 75, 0, 2, 9, 86
"c:\Users\juliu\Documents\KBSE\Minimal22\src\app\Components\router-start\router-start.component.html", "HTML", 0, 0, 0, 0, 96, 0, 0, 0, 0, 2, 5, 103
"c:\Users\juliu\Documents\KBSE\Minimal22\src\app\Components\router-start\router-start.component.scss", "SCSS", 0, 0, 0, 0, 0, 132, 0, 0, 0, 0, 21, 153
"c:\Users\juliu\Documents\KBSE\Minimal22\src\app\Components\router-start\router-start.component.spec.ts", "TypeScript", 0, 0, 0, 0, 0, 0, 0, 19, 0, 0, 6, 25
"c:\Users\juliu\Documents\KBSE\Minimal22\src\app\Components\router-start\router-start.component.ts", "TypeScript", 0, 0, 0, 0, 0, 0, 0, 209, 0, 24, 41, 274
"c:\Users\juliu\Documents\KBSE\Minimal22\src\app\Components\search-bar-main-map\search-bar-main-map.component.html", "HTML", 0, 0, 0, 0, 12, 0, 0, 0, 0, 0, 2, 14
"c:\Users\juliu\Documents\KBSE\Minimal22\src\app\Components\search-bar-main-map\search-bar-main-map.component.scss", "SCSS", 0, 0, 0, 0, 0, 4, 0, 0, 0, 7, 3, 14
"c:\Users\juliu\Documents\KBSE\Minimal22\src\app\Components\search-bar-main-map\search-bar-main-map.component.spec.ts", "TypeScript", 0, 0, 0, 0, 0, 0, 0, 19, 0, 0, 6, 25
"c:\Users\juliu\Documents\KBSE\Minimal22\src\app\Components\search-bar-main-map\search-bar-main-map.component.ts", "TypeScript", 0, 0, 0, 0, 0, 0, 0, 26, 0, 1, 10, 37
"c:\Users\juliu\Documents\KBSE\Minimal22\src\app\Components\search-bar\search-bar.component.html", "HTML", 0, 0, 0, 0, 155, 0, 0, 0, 0, 2, 17, 174
"c:\Users\juliu\Documents\KBSE\Minimal22\src\app\Components\search-bar\search-bar.component.scss", "SCSS", 0, 0, 0, 0, 0, 98, 0, 0, 0, 0, 24, 122
"c:\Users\juliu\Documents\KBSE\Minimal22\src\app\Components\search-bar\search-bar.component.spec.ts", "TypeScript", 0, 0, 0, 0, 0, 0, 0, 19, 0, 0, 6, 25
"c:\Users\juliu\Documents\KBSE\Minimal22\src\app\Components\search-bar\search-bar.component.ts", "TypeScript", 0, 0, 0, 0, 0, 0, 0, 431, 0, 17, 35, 483
"c:\Users\juliu\Documents\KBSE\Minimal22\src\app\Components\tutorial\tutorial-overlay1\tutorial-overlay1.component.html", "HTML", 0, 0, 0, 0, 65, 0, 0, 0, 0, 0, 7, 72
"c:\Users\juliu\Documents\KBSE\Minimal22\src\app\Components\tutorial\tutorial-overlay1\tutorial-overlay1.component.scss", "SCSS", 0, 0, 0, 0, 0, 39, 0, 0, 0, 0, 11, 50
"c:\Users\juliu\Documents\KBSE\Minimal22\src\app\Components\tutorial\tutorial-overlay1\tutorial-overlay1.component.spec.ts", "TypeScript", 0, 0, 0, 0, 0, 0, 0, 19, 0, 0, 6, 25
"c:\Users\juliu\Documents\KBSE\Minimal22\src\app\Components\tutorial\tutorial-overlay1\tutorial-overlay1.component.ts", "TypeScript", 0, 0, 0, 0, 0, 0, 0, 21, 0, 0, 7, 28
"c:\Users\juliu\Documents\KBSE\Minimal22\src\app\Components\tutorial\tutorial-overlay2\tutorial-overlay2.component.html", "HTML", 0, 0, 0, 0, 36, 0, 0, 0, 0, 0, 3, 39
"c:\Users\juliu\Documents\KBSE\Minimal22\src\app\Components\tutorial\tutorial-overlay2\tutorial-overlay2.component.scss", "SCSS", 0, 0, 0, 0, 0, 39, 0, 0, 0, 0, 11, 50
"c:\Users\juliu\Documents\KBSE\Minimal22\src\app\Components\tutorial\tutorial-overlay2\tutorial-overlay2.component.spec.ts", "TypeScript", 0, 0, 0, 0, 0, 0, 0, 19, 0, 0, 6, 25
"c:\Users\juliu\Documents\KBSE\Minimal22\src\app\Components\tutorial\tutorial-overlay2\tutorial-overlay2.component.ts", "TypeScript", 0, 0, 0, 0, 0, 0, 0, 20, 0, 0, 7, 27
"c:\Users\juliu\Documents\KBSE\Minimal22\src\app\Components\waiting-at-as-small\waiting-at-as-small.component.html", "HTML", 0, 0, 0, 0, 37, 0, 0, 0, 0, 0, 2, 39
"c:\Users\juliu\Documents\KBSE\Minimal22\src\app\Components\waiting-at-as-small\waiting-at-as-small.component.scss", "SCSS", 0, 0, 0, 0, 0, 179, 0, 0, 0, 5, 39, 223
"c:\Users\juliu\Documents\KBSE\Minimal22\src\app\Components\waiting-at-as-small\waiting-at-as-small.component.spec.ts", "TypeScript", 0, 0, 0, 0, 0, 0, 0, 19, 0, 0, 6, 25
"c:\Users\juliu\Documents\KBSE\Minimal22\src\app\Components\waiting-at-as-small\waiting-at-as-small.component.ts", "TypeScript", 0, 0, 0, 0, 0, 0, 0, 143, 0, 6, 8, 157
"c:\Users\juliu\Documents\KBSE\Minimal22\src\app\app-routing.module.ts", "TypeScript", 0, 0, 0, 0, 0, 0, 0, 98, 0, 3, 4, 105
"c:\Users\juliu\Documents\KBSE\Minimal22\src\app\app.component.html", "HTML", 0, 0, 0, 0, 3, 0, 0, 0, 0, 0, 1, 4
"c:\Users\juliu\Documents\KBSE\Minimal22\src\app\app.component.scss", "SCSS", 0, 0, 0, 0, 0, 0, 0, 0, 0, 0, 1, 1
"c:\Users\juliu\Documents\KBSE\Minimal22\src\app\app.component.spec.ts", "TypeScript", 0, 0, 0, 0, 0, 0, 0, 36, 0, 1, 11, 48
"c:\Users\juliu\Documents\KBSE\Minimal22\src\app\app.component.ts", "TypeScript", 0, 0, 0, 0, 0, 0, 0, 24, 0, 0, 5, 29
"c:\Users\juliu\Documents\KBSE\Minimal22\src\app\app.module.ts", "TypeScript", 0, 0, 0, 0, 0, 0, 0, 74, 0, 0, 4, 78
"c:\Users\juliu\Documents\KBSE\Minimal22\src\app\guards\auth.guard.spec.ts", "TypeScript", 0, 0, 0, 0, 0, 0, 0, 12, 0, 0, 4, 16
"c:\Users\juliu\Documents\KBSE\Minimal22\src\app\guards\auth.guard.ts", "TypeScript", 0, 0, 0, 0, 0, 0, 0, 24, 0, 0, 4, 28
"c:\Users\juliu\Documents\KBSE\Minimal22\src\app\pages\indicator\indicator-gruppe\indicator-gruppe-routing.module.ts", "TypeScript", 0, 0, 0, 0, 0, 0, 0, 14, 0, 0, 4, 18
"c:\Users\juliu\Documents\KBSE\Minimal22\src\app\pages\indicator\indicator-gruppe\indicator-gruppe.module.ts", "TypeScript", 0, 0, 0, 0, 0, 0, 0, 18, 0, 0, 5, 23
"c:\Users\juliu\Documents\KBSE\Minimal22\src\app\pages\indicator\indicator-gruppe\indicator-gruppe.page.html", "HTML", 0, 0, 0, 0, 14, 0, 0, 0, 0, 0, 0, 14
"c:\Users\juliu\Documents\KBSE\Minimal22\src\app\pages\indicator\indicator-gruppe\indicator-gruppe.page.scss", "SCSS", 0, 0, 0, 0, 0, 5, 0, 0, 0, 0, 2, 7
"c:\Users\juliu\Documents\KBSE\Minimal22\src\app\pages\indicator\indicator-gruppe\indicator-gruppe.page.spec.ts", "TypeScript", 0, 0, 0, 0, 0, 0, 0, 19, 0, 0, 6, 25
"c:\Users\juliu\Documents\KBSE\Minimal22\src\app\pages\indicator\indicator-gruppe\indicator-gruppe.page.ts", "TypeScript", 0, 0, 0, 0, 0, 0, 0, 11, 0, 0, 5, 16
"c:\Users\juliu\Documents\KBSE\Minimal22\src\app\pages\indicator\indicator-single1\indicator-single1-routing.module.ts", "TypeScript", 0, 0, 0, 0, 0, 0, 0, 14, 0, 0, 4, 18
"c:\Users\juliu\Documents\KBSE\Minimal22\src\app\pages\indicator\indicator-single1\indicator-single1.module.ts", "TypeScript", 0, 0, 0, 0, 0, 0, 0, 19, 0, 0, 5, 24
"c:\Users\juliu\Documents\KBSE\Minimal22\src\app\pages\indicator\indicator-single1\indicator-single1.page.html", "HTML", 0, 0, 0, 0, 1, 0, 0, 0, 0, 0, 0, 1
"c:\Users\juliu\Documents\KBSE\Minimal22\src\app\pages\indicator\indicator-single1\indicator-single1.page.scss", "SCSS", 0, 0, 0, 0, 0, 0, 0, 0, 0, 0, 1, 1
"c:\Users\juliu\Documents\KBSE\Minimal22\src\app\pages\indicator\indicator-single1\indicator-single1.page.spec.ts", "TypeScript", 0, 0, 0, 0, 0, 0, 0, 19, 0, 0, 6, 25
"c:\Users\juliu\Documents\KBSE\Minimal22\src\app\pages\indicator\indicator-single1\indicator-single1.page.ts", "TypeScript", 0, 0, 0, 0, 0, 0, 0, 11, 0, 0, 5, 16
"c:\Users\juliu\Documents\KBSE\Minimal22\src\app\pages\indicator\indicator-single2\indicator-single2-routing.module.ts", "TypeScript", 0, 0, 0, 0, 0, 0, 0, 14, 0, 0, 4, 18
"c:\Users\juliu\Documents\KBSE\Minimal22\src\app\pages\indicator\indicator-single2\indicator-single2.module.ts", "TypeScript", 0, 0, 0, 0, 0, 0, 0, 18, 0, 0, 5, 23
"c:\Users\juliu\Documents\KBSE\Minimal22\src\app\pages\indicator\indicator-single2\indicator-single2.page.html", "HTML", 0, 0, 0, 0, 18, 0, 0, 0, 0, 0, 0, 18
"c:\Users\juliu\Documents\KBSE\Minimal22\src\app\pages\indicator\indicator-single2\indicator-single2.page.scss", "SCSS", 0, 0, 0, 0, 0, 5, 0, 0, 0, 0, 2, 7
"c:\Users\juliu\Documents\KBSE\Minimal22\src\app\pages\indicator\indicator-single2\indicator-single2.page.spec.ts", "TypeScript", 0, 0, 0, 0, 0, 0, 0, 19, 0, 0, 6, 25
"c:\Users\juliu\Documents\KBSE\Minimal22\src\app\pages\indicator\indicator-single2\indicator-single2.page.ts", "TypeScript", 0, 0, 0, 0, 0, 0, 0, 11, 0, 0, 5, 16
"c:\Users\juliu\Documents\KBSE\Minimal22\src\app\pages\map\map-main\map-main-routing.module.ts", "TypeScript", 0, 0, 0, 0, 0, 0, 0, 14, 0, 0, 4, 18
"c:\Users\juliu\Documents\KBSE\Minimal22\src\app\pages\map\map-main\map-main.module.ts", "TypeScript", 0, 0, 0, 0, 0, 0, 0, 19, 0, 0, 6, 25
"c:\Users\juliu\Documents\KBSE\Minimal22\src\app\pages\map\map-main\map-main.page.html", "HTML", 0, 0, 0, 0, 8, 0, 0, 0, 0, 0, 0, 8
"c:\Users\juliu\Documents\KBSE\Minimal22\src\app\pages\map\map-main\map-main.page.scss", "SCSS", 0, 0, 0, 0, 0, 0, 0, 0, 0, 0, 1, 1
"c:\Users\juliu\Documents\KBSE\Minimal22\src\app\pages\map\map-main\map-main.page.spec.ts", "TypeScript", 0, 0, 0, 0, 0, 0, 0, 19, 0, 0, 6, 25
"c:\Users\juliu\Documents\KBSE\Minimal22\src\app\pages\map\map-main\map-main.page.ts", "TypeScript", 0, 0, 0, 0, 0, 0, 0, 26, 0, 0, 9, 35
"c:\Users\juliu\Documents\KBSE\Minimal22\src\app\pages\map\map-ride\map-ride-routing.module.ts", "TypeScript", 0, 0, 0, 0, 0, 0, 0, 14, 0, 0, 4, 18
"c:\Users\juliu\Documents\KBSE\Minimal22\src\app\pages\map\map-ride\map-ride.module.ts", "TypeScript", 0, 0, 0, 0, 0, 0, 0, 19, 0, 0, 5, 24
"c:\Users\juliu\Documents\KBSE\Minimal22\src\app\pages\map\map-ride\map-ride.page.html", "HTML", 0, 0, 0, 0, 8, 0, 0, 0, 0, 0, 1, 9
"c:\Users\juliu\Documents\KBSE\Minimal22\src\app\pages\map\map-ride\map-ride.page.scss", "SCSS", 0, 0, 0, 0, 0, 0, 0, 0, 0, 0, 1, 1
"c:\Users\juliu\Documents\KBSE\Minimal22\src\app\pages\map\map-ride\map-ride.page.spec.ts", "TypeScript", 0, 0, 0, 0, 0, 0, 0, 19, 0, 0, 6, 25
"c:\Users\juliu\Documents\KBSE\Minimal22\src\app\pages\map\map-ride\map-ride.page.ts", "TypeScript", 0, 0, 0, 0, 0, 0, 0, 11, 0, 0, 5, 16
"c:\Users\juliu\Documents\KBSE\Minimal22\src\app\pages\map\map-start\map-start-routing.module.ts", "TypeScript", 0, 0, 0, 0, 0, 0, 0, 14, 0, 0, 4, 18
"c:\Users\juliu\Documents\KBSE\Minimal22\src\app\pages\map\map-start\map-start.module.ts", "TypeScript", 0, 0, 0, 0, 0, 0, 0, 22, 0, 0, 5, 27
"c:\Users\juliu\Documents\KBSE\Minimal22\src\app\pages\map\map-start\map-start.page.html", "HTML", 0, 0, 0, 0, 71, 0, 0, 0, 0, 2, 4, 77
"c:\Users\juliu\Documents\KBSE\Minimal22\src\app\pages\map\map-start\map-start.page.scss", "SCSS", 0, 0, 0, 0, 0, 18, 0, 0, 0, 0, 4, 22
"c:\Users\juliu\Documents\KBSE\Minimal22\src\app\pages\map\map-start\map-start.page.spec.ts", "TypeScript", 0, 0, 0, 0, 0, 0, 0, 19, 0, 0, 6, 25
"c:\Users\juliu\Documents\KBSE\Minimal22\src\app\pages\map\map-start\map-start.page.ts", "TypeScript", 0, 0, 0, 0, 0, 0, 0, 169, 0, 2, 33, 204
"c:\Users\juliu\Documents\KBSE\Minimal22\src\app\pages\settings\settings-main-dropbox\settings-main-dropbox-routing.module.ts", "TypeScript", 0, 0, 0, 0, 0, 0, 0, 14, 0, 0, 4, 18
"c:\Users\juliu\Documents\KBSE\Minimal22\src\app\pages\settings\settings-main-dropbox\settings-main-dropbox.module.ts", "TypeScript", 0, 0, 0, 0, 0, 0, 0, 16, 0, 0, 5, 21
"c:\Users\juliu\Documents\KBSE\Minimal22\src\app\pages\settings\settings-main-dropbox\settings-main-dropbox.page.html", "HTML", 0, 0, 0, 0, 145, 0, 0, 0, 0, 8, 5, 158
"c:\Users\juliu\Documents\KBSE\Minimal22\src\app\pages\settings\settings-main-dropbox\settings-main-dropbox.page.scss", "SCSS", 0, 0, 0, 0, 0, 241, 0, 0, 0, 10, 58, 309
"c:\Users\juliu\Documents\KBSE\Minimal22\src\app\pages\settings\settings-main-dropbox\settings-main-dropbox.page.spec.ts", "TypeScript", 0, 0, 0, 0, 0, 0, 0, 19, 0, 0, 6, 25
"c:\Users\juliu\Documents\KBSE\Minimal22\src\app\pages\settings\settings-main-dropbox\settings-main-dropbox.page.ts", "TypeScript", 0, 0, 0, 0, 0, 0, 0, 83, 0, 3, 12, 98
"c:\Users\juliu\Documents\KBSE\Minimal22\src\app\pages\settings\settings-main\settings-main-routing.module.ts", "TypeScript", 0, 0, 0, 0, 0, 0, 0, 14, 0, 0, 4, 18
"c:\Users\juliu\Documents\KBSE\Minimal22\src\app\pages\settings\settings-main\settings-main.module.ts", "TypeScript", 0, 0, 0, 0, 0, 0, 0, 16, 0, 0, 5, 21
"c:\Users\juliu\Documents\KBSE\Minimal22\src\app\pages\settings\settings-main\settings-main.page.html", "HTML", 0, 0, 0, 0, 47, 0, 0, 0, 0, 2, 3, 52
"c:\Users\juliu\Documents\KBSE\Minimal22\src\app\pages\settings\settings-main\settings-main.page.scss", "SCSS", 0, 0, 0, 0, 0, 82, 0, 0, 0, 44, 30, 156
"c:\Users\juliu\Documents\KBSE\Minimal22\src\app\pages\settings\settings-main\settings-main.page.spec.ts", "TypeScript", 0, 0, 0, 0, 0, 0, 0, 19, 0, 0, 6, 25
"c:\Users\juliu\Documents\KBSE\Minimal22\src\app\pages\settings\settings-main\settings-main.page.ts", "TypeScript", 0, 0, 0, 0, 0, 0, 0, 29, 0, 0, 7, 36
"c:\Users\juliu\Documents\KBSE\Minimal22\src\app\pages\settings\settings-manual\settings-manual-routing.module.ts", "TypeScript", 0, 0, 0, 0, 0, 0, 0, 14, 0, 0, 4, 18
"c:\Users\juliu\Documents\KBSE\Minimal22\src\app\pages\settings\settings-manual\settings-manual.module.ts", "TypeScript", 0, 0, 0, 0, 0, 0, 0, 16, 0, 0, 5, 21
"c:\Users\juliu\Documents\KBSE\Minimal22\src\app\pages\settings\settings-manual\settings-manual.page.html", "HTML", 0, 0, 0, 0, 64, 0, 0, 0, 0, 2, 5, 71
"c:\Users\juliu\Documents\KBSE\Minimal22\src\app\pages\settings\settings-manual\settings-manual.page.scss", "SCSS", 0, 0, 0, 0, 0, 86, 0, 0, 0, 0, 19, 105
"c:\Users\juliu\Documents\KBSE\Minimal22\src\app\pages\settings\settings-manual\settings-manual.page.spec.ts", "TypeScript", 0, 0, 0, 0, 0, 0, 0, 19, 0, 0, 6, 25
"c:\Users\juliu\Documents\KBSE\Minimal22\src\app\pages\settings\settings-manual\settings-manual.page.ts", "TypeScript", 0, 0, 0, 0, 0, 0, 0, 22, 0, 0, 9, 31
"c:\Users\juliu\Documents\KBSE\Minimal22\src\app\pages\sign_up\first-screen\first-screen-routing.module.ts", "TypeScript", 0, 0, 0, 0, 0, 0, 0, 14, 0, 0, 4, 18
"c:\Users\juliu\Documents\KBSE\Minimal22\src\app\pages\sign_up\first-screen\first-screen.module.ts", "TypeScript", 0, 0, 0, 0, 0, 0, 0, 16, 0, 0, 5, 21
"c:\Users\juliu\Documents\KBSE\Minimal22\src\app\pages\sign_up\first-screen\first-screen.page.html", "HTML", 0, 0, 0, 0, 2, 0, 0, 0, 0, 0, 3, 5
"c:\Users\juliu\Documents\KBSE\Minimal22\src\app\pages\sign_up\first-screen\first-screen.page.scss", "SCSS", 0, 0, 0, 0, 0, 3, 0, 0, 0, 0, 0, 3
"c:\Users\juliu\Documents\KBSE\Minimal22\src\app\pages\sign_up\first-screen\first-screen.page.spec.ts", "TypeScript", 0, 0, 0, 0, 0, 0, 0, 19, 0, 0, 6, 25
"c:\Users\juliu\Documents\KBSE\Minimal22\src\app\pages\sign_up\first-screen\first-screen.page.ts", "TypeScript", 0, 0, 0, 0, 0, 0, 0, 23, 0, 0, 7, 30
"c:\Users\juliu\Documents\KBSE\Minimal22\src\app\pages\sign_up\sign-up-tab1\sign-up-tab1-routing.module.ts", "TypeScript", 0, 0, 0, 0, 0, 0, 0, 14, 0, 0, 4, 18
"c:\Users\juliu\Documents\KBSE\Minimal22\src\app\pages\sign_up\sign-up-tab1\sign-up-tab1.module.ts", "TypeScript", 0, 0, 0, 0, 0, 0, 0, 16, 0, 0, 5, 21
"c:\Users\juliu\Documents\KBSE\Minimal22\src\app\pages\sign_up\sign-up-tab1\sign-up-tab1.page.html", "HTML", 0, 0, 0, 0, 31, 0, 0, 0, 0, 0, 1, 32
"c:\Users\juliu\Documents\KBSE\Minimal22\src\app\pages\sign_up\sign-up-tab1\sign-up-tab1.page.scss", "SCSS", 0, 0, 0, 0, 0, 115, 0, 0, 0, 1, 15, 131
"c:\Users\juliu\Documents\KBSE\Minimal22\src\app\pages\sign_up\sign-up-tab1\sign-up-tab1.page.spec.ts", "TypeScript", 0, 0, 0, 0, 0, 0, 0, 19, 0, 0, 6, 25
"c:\Users\juliu\Documents\KBSE\Minimal22\src\app\pages\sign_up\sign-up-tab1\sign-up-tab1.page.ts", "TypeScript", 0, 0, 0, 0, 0, 0, 0, 15, 0, 0, 7, 22
"c:\Users\juliu\Documents\KBSE\Minimal22\src\app\pages\sign_up\sign-up-tab2\sign-up-tab2-routing.module.ts", "TypeScript", 0, 0, 0, 0, 0, 0, 0, 14, 0, 0, 4, 18
"c:\Users\juliu\Documents\KBSE\Minimal22\src\app\pages\sign_up\sign-up-tab2\sign-up-tab2.module.ts", "TypeScript", 0, 0, 0, 0, 0, 0, 0, 18, 0, 0, 2, 20
"c:\Users\juliu\Documents\KBSE\Minimal22\src\app\pages\sign_up\sign-up-tab2\sign-up-tab2.page.html", "HTML", 0, 0, 0, 0, 55, 0, 0, 0, 0, 0, 3, 58
"c:\Users\juliu\Documents\KBSE\Minimal22\src\app\pages\sign_up\sign-up-tab2\sign-up-tab2.page.scss", "SCSS", 0, 0, 0, 0, 0, 6, 0, 0, 0, 0, 2, 8
"c:\Users\juliu\Documents\KBSE\Minimal22\src\app\pages\sign_up\sign-up-tab2\sign-up-tab2.page.spec.ts", "TypeScript", 0, 0, 0, 0, 0, 0, 0, 19, 0, 0, 6, 25
"c:\Users\juliu\Documents\KBSE\Minimal22\src\app\pages\sign_up\sign-up-tab2\sign-up-tab2.page.ts", "TypeScript", 0, 0, 0, 0, 0, 0, 0, 86, 0, 1, 10, 97
"c:\Users\juliu\Documents\KBSE\Minimal22\src\app\pages\sign_up\sign-up-tab3\sign-up-tab3-routing.module.ts", "TypeScript", 0, 0, 0, 0, 0, 0, 0, 14, 0, 0, 4, 18
"c:\Users\juliu\Documents\KBSE\Minimal22\src\app\pages\sign_up\sign-up-tab3\sign-up-tab3.module.ts", "TypeScript", 0, 0, 0, 0, 0, 0, 0, 16, 0, 0, 5, 21
"c:\Users\juliu\Documents\KBSE\Minimal22\src\app\pages\sign_up\sign-up-tab3\sign-up-tab3.page.html", "HTML", 0, 0, 0, 0, 56, 0, 0, 0, 0, 1, 3, 60
"c:\Users\juliu\Documents\KBSE\Minimal22\src\app\pages\sign_up\sign-up-tab3\sign-up-tab3.page.scss", "SCSS", 0, 0, 0, 0, 0, 7, 0, 0, 0, 0, 3, 10
"c:\Users\juliu\Documents\KBSE\Minimal22\src\app\pages\sign_up\sign-up-tab3\sign-up-tab3.page.spec.ts", "TypeScript", 0, 0, 0, 0, 0, 0, 0, 19, 0, 0, 6, 25
"c:\Users\juliu\Documents\KBSE\Minimal22\src\app\pages\sign_up\sign-up-tab3\sign-up-tab3.page.ts", "TypeScript", 0, 0, 0, 0, 0, 0, 0, 25, 0, 11, 8, 44
"c:\Users\juliu\Documents\KBSE\Minimal22\src\app\pages\sign_up\sign-up-tab4\sign-up-tab4-routing.module.ts", "TypeScript", 0, 0, 0, 0, 0, 0, 0, 14, 0, 0, 4, 18
"c:\Users\juliu\Documents\KBSE\Minimal22\src\app\pages\sign_up\sign-up-tab4\sign-up-tab4.module.ts", "TypeScript", 0, 0, 0, 0, 0, 0, 0, 16, 0, 0, 5, 21
"c:\Users\juliu\Documents\KBSE\Minimal22\src\app\pages\sign_up\sign-up-tab4\sign-up-tab4.page.html", "HTML", 0, 0, 0, 0, 41, 0, 0, 0, 0, 0, 4, 45
"c:\Users\juliu\Documents\KBSE\Minimal22\src\app\pages\sign_up\sign-up-tab4\sign-up-tab4.page.scss", "SCSS", 0, 0, 0, 0, 0, 0, 0, 0, 0, 0, 1, 1
"c:\Users\juliu\Documents\KBSE\Minimal22\src\app\pages\sign_up\sign-up-tab4\sign-up-tab4.page.spec.ts", "TypeScript", 0, 0, 0, 0, 0, 0, 0, 19, 0, 0, 6, 25
"c:\Users\juliu\Documents\KBSE\Minimal22\src\app\pages\sign_up\sign-up-tab4\sign-up-tab4.page.ts", "TypeScript", 0, 0, 0, 0, 0, 0, 0, 24, 0, 1, 7, 32
"c:\Users\juliu\Documents\KBSE\Minimal22\src\app\services\auth\auth.service.spec.ts", "TypeScript", 0, 0, 0, 0, 0, 0, 0, 9, 0, 0, 4, 13
"c:\Users\juliu\Documents\KBSE\Minimal22\src\app\services\auth\auth.service.ts", "TypeScript", 0, 0, 0, 0, 0, 0, 0, 126, 0, 2, 14, 142
"c:\Users\juliu\Documents\KBSE\Minimal22\src\app\services\display\display.service.spec.ts", "TypeScript", 0, 0, 0, 0, 0, 0, 0, 9, 0, 0, 4, 13
"c:\Users\juliu\Documents\KBSE\Minimal22\src\app\services\display\display.service.ts", "TypeScript", 0, 0, 0, 0, 0, 0, 0, 29, 0, 0, 8, 37
"c:\Users\juliu\Documents\KBSE\Minimal22\src\app\services\map-data-fetch\map-data-fetch.service.spec.ts", "TypeScript", 0, 0, 0, 0, 0, 0, 0, 9, 0, 0, 4, 13
"c:\Users\juliu\Documents\KBSE\Minimal22\src\app\services\map-data-fetch\map-data-fetch.service.ts", "TypeScript", 0, 0, 0, 0, 0, 0, 0, 107, 0, 15, 36, 158
"c:\Users\juliu\Documents\KBSE\Minimal22\src\app\services\map-integration\map-integration.service.spec.ts", "TypeScript", 0, 0, 0, 0, 0, 0, 0, 9, 0, 0, 4, 13
"c:\Users\juliu\Documents\KBSE\Minimal22\src\app\services\map-integration\map-integration.service.ts", "TypeScript", 0, 0, 0, 0, 0, 0, 0, 442, 0, 16, 40, 498
"c:\Users\juliu\Documents\KBSE\Minimal22\src\app\services\routing-user\routing-user.service.spec.ts", "TypeScript", 0, 0, 0, 0, 0, 0, 0, 9, 0, 0, 4, 13
"c:\Users\juliu\Documents\KBSE\Minimal22\src\app\services\routing-user\routing-user.service.ts", "TypeScript", 0, 0, 0, 0, 0, 0, 0, 284, 0, 5, 44, 333
"c:\Users\juliu\Documents\KBSE\Minimal22\src\app\services\settings\settings.service.spec.ts", "TypeScript", 0, 0, 0, 0, 0, 0, 0, 9, 0, 0, 4, 13
"c:\Users\juliu\Documents\KBSE\Minimal22\src\app\services\settings\settings.service.ts", "TypeScript", 0, 0, 0, 0, 0, 0, 0, 52, 0, 0, 16, 68
"c:\Users\juliu\Documents\KBSE\Minimal22\src\app\services\status-audio\status-audio.service.spec.ts", "TypeScript", 0, 0, 0, 0, 0, 0, 0, 9, 0, 0, 4, 13
"c:\Users\juliu\Documents\KBSE\Minimal22\src\app\services\status-audio\status-audio.service.ts", "TypeScript", 0, 0, 0, 0, 0, 0, 0, 58, 0, 0, 8, 66
"c:\Users\juliu\Documents\KBSE\Minimal22\src\app\services\user\user.service.spec.ts", "TypeScript", 0, 0, 0, 0, 0, 0, 0, 9, 0, 0, 4, 13
"c:\Users\juliu\Documents\KBSE\Minimal22\src\app\services\user\user.service.ts", "TypeScript", 0, 0, 0, 0, 0, 0, 0, 140, 0, 1, 31, 172
"c:\Users\juliu\Documents\KBSE\Minimal22\src\app\services\users-data-fetch\users-data-fetch.service.spec.ts", "TypeScript", 0, 0, 0, 0, 0, 0, 0, 9, 0, 0, 4, 13
"c:\Users\juliu\Documents\KBSE\Minimal22\src\app\services\users-data-fetch\users-data-fetch.service.ts", "TypeScript", 0, 0, 0, 0, 0, 0, 0, 161, 0, 0, 27, 188
"c:\Users\juliu\Documents\KBSE\Minimal22\src\app\services\vibration-service\vibration.service.spec.ts", "TypeScript", 0, 0, 0, 0, 0, 0, 0, 9, 0, 0, 4, 13
"c:\Users\juliu\Documents\KBSE\Minimal22\src\app\services\vibration-service\vibration.service.ts", "TypeScript", 0, 0, 0, 0, 0, 0, 0, 38, 0, 0, 4, 42
"c:\Users\juliu\Documents\KBSE\Minimal22\src\assets\icon\Gruppe_1.svg", "XML", 0, 24, 0, 0, 0, 0, 0, 0, 0, 0, 1, 25
"c:\Users\juliu\Documents\KBSE\Minimal22\src\assets\icon\Gruppe_2.svg", "XML", 0, 24, 0, 0, 0, 0, 0, 0, 0, 0, 1, 25
"c:\Users\juliu\Documents\KBSE\Minimal22\src\assets\icon\Sammelpunkt.svg", "XML", 0, 13, 0, 0, 0, 0, 0, 0, 0, 0, 1, 14
"c:\Users\juliu\Documents\KBSE\Minimal22\src\assets\icon\Sammelpunkt_UNAC.svg", "XML", 0, 20, 0, 0, 0, 0, 0, 0, 0, 0, 1, 21
"c:\Users\juliu\Documents\KBSE\Minimal22\src\assets\icon\Sammelpunkt_empty.svg", "XML", 0, 11, 0, 0, 0, 0, 0, 0, 0, 0, 1, 12
"c:\Users\juliu\Documents\KBSE\Minimal22\src\assets\icon\Verband_1.svg", "XML", 0, 24, 0, 0, 0, 0, 0, 0, 0, 0, 1, 25
"c:\Users\juliu\Documents\KBSE\Minimal22\src\assets\icon\Verband_2.svg", "XML", 0, 24, 0, 0, 0, 0, 0, 0, 0, 0, 1, 25
"c:\Users\juliu\Documents\KBSE\Minimal22\src\assets\icon\Ziel.svg", "XML", 0, 17, 0, 0, 0, 0, 0, 0, 0, 0, 1, 18
"c:\Users\juliu\Documents\KBSE\Minimal22\src\assets\icon\assemblypoint1.svg", "XML", 0, 7, 0, 0, 0, 0, 0, 0, 0, 0, 1, 8
"c:\Users\juliu\Documents\KBSE\Minimal22\src\assets\icon\assemblypoint2.svg", "XML", 0, 7, 0, 0, 0, 0, 0, 0, 0, 0, 1, 8
"c:\Users\juliu\Documents\KBSE\Minimal22\src\assets\icon\ausgew√§hlt.svg", "XML", 0, 28, 0, 0, 0, 0, 0, 0, 0, 0, 1, 29
"c:\Users\juliu\Documents\KBSE\Minimal22\src\assets\icon\bicycle.svg", "XML", 0, 8, 0, 0, 0, 0, 0, 0, 0, 0, 1, 9
"c:\Users\juliu\Documents\KBSE\Minimal22\src\assets\icon\book.svg", "XML", 0, 1, 0, 0, 0, 0, 0, 0, 0, 0, 0, 1
"c:\Users\juliu\Documents\KBSE\Minimal22\src\assets\icon\briefcase.svg", "XML", 0, 1, 0, 0, 0, 0, 0, 0, 0, 0, 0, 1
"c:\Users\juliu\Documents\KBSE\Minimal22\src\assets\icon\cancel.svg", "XML", 0, 4, 0, 0, 0, 0, 0, 0, 0, 0, 1, 5
"c:\Users\juliu\Documents\KBSE\Minimal22\src\assets\icon\edit-2.svg", "XML", 0, 1, 0, 0, 0, 0, 0, 0, 0, 0, 0, 1
"c:\Users\juliu\Documents\KBSE\Minimal22\src\assets\icon\edit.svg", "XML", 0, 1, 0, 0, 0, 0, 0, 0, 0, 0, 0, 1
"c:\Users\juliu\Documents\KBSE\Minimal22\src\assets\icon\flag.svg", "XML", 0, 4, 0, 0, 0, 0, 0, 0, 0, 0, 1, 5
"c:\Users\juliu\Documents\KBSE\Minimal22\src\assets\icon\heart.svg", "XML", 0, 1, 0, 0, 0, 0, 0, 0, 0, 0, 0, 1
"c:\Users\juliu\Documents\KBSE\Minimal22\src\assets\icon\home.svg", "XML", 0, 1, 0, 0, 0, 0, 0, 0, 0, 0, 0, 1
"c:\Users\juliu\Documents\KBSE\Minimal22\src\assets\icon\line.svg", "XML", 0, 3, 0, 0, 0, 0, 0, 0, 0, 0, 1, 4
"c:\Users\juliu\Documents\KBSE\Minimal22\src\assets\icon\location.svg", "XML", 0, 4, 0, 0, 0, 0, 0, 0, 0, 0, 1, 5
"c:\Users\juliu\Documents\KBSE\Minimal22\src\assets\icon\map-riod.svg", "XML", 0, 6, 0, 0, 0, 0, 0, 0, 0, 0, 0, 6
"c:\Users\juliu\Documents\KBSE\Minimal22\src\assets\icon\map.svg", "XML", 0, 1, 0, 0, 0, 0, 0, 0, 0, 0, 1, 2
"c:\Users\juliu\Documents\KBSE\Minimal22\src\assets\icon\platzhalter.svg", "XML", 0, 17, 0, 0, 0, 0, 0, 0, 0, 0, 1, 18
"c:\Users\juliu\Documents\KBSE\Minimal22\src\assets\icon\riod-big.svg", "XML", 0, 10, 0, 0, 0, 0, 0, 0, 0, 0, 1, 11
"c:\Users\juliu\Documents\KBSE\Minimal22\src\assets\icon\riod.svg", "XML", 0, 3, 0, 0, 0, 0, 0, 0, 0, 0, 3, 6
"c:\Users\juliu\Documents\KBSE\Minimal22\src\assets\icon\save.svg", "XML", 0, 5, 0, 0, 0, 0, 0, 0, 0, 0, 1, 6
"c:\Users\juliu\Documents\KBSE\Minimal22\src\assets\icon\shopping-cart.svg", "XML", 0, 1, 0, 0, 0, 0, 0, 0, 0, 0, 0, 1
"c:\Users\juliu\Documents\KBSE\Minimal22\src\assets\icon\standort.svg", "XML", 0, 13, 0, 0, 0, 0, 0, 0, 0, 0, 1, 14
"c:\Users\juliu\Documents\KBSE\Minimal22\src\assets\icon\star.svg", "XML", 0, 1, 0, 0, 0, 0, 0, 0, 0, 0, 0, 1
"c:\Users\juliu\Documents\KBSE\Minimal22\src\assets\icon\start-btn.svg", "XML", 0, 4, 0, 0, 0, 0, 0, 0, 0, 0, 1, 5
"c:\Users\juliu\Documents\KBSE\Minimal22\src\assets\icon\swipe-btn.svg", "XML", 0, 3, 0, 0, 0, 0, 0, 0, 0, 0, 1, 4
"c:\Users\juliu\Documents\KBSE\Minimal22\src\assets\icon\vectorpaint.svg", "XML", 0, 2, 0, 0, 0, 0, 0, 0, 0, 0, 2, 4
"c:\Users\juliu\Documents\KBSE\Minimal22\src\assets\settings\Ja.svg", "XML", 0, 3, 0, 0, 0, 0, 0, 0, 0, 0, 1, 4
"c:\Users\juliu\Documents\KBSE\Minimal22\src\assets\settings\Nein.svg", "XML", 0, 3, 0, 0, 0, 0, 0, 0, 0, 0, 1, 4
"c:\Users\juliu\Documents\KBSE\Minimal22\src\assets\settings\anleitung.svg", "XML", 0, 12, 0, 0, 0, 0, 0, 0, 0, 0, 1, 13
"c:\Users\juliu\Documents\KBSE\Minimal22\src\assets\settings\anonym.svg", "XML", 0, 7, 0, 0, 0, 0, 0, 0, 0, 0, 1, 8
"c:\Users\juliu\Documents\KBSE\Minimal22\src\assets\settings\back.svg", "XML", 0, 1, 0, 0, 0, 0, 0, 0, 0, 0, 0, 1
"c:\Users\juliu\Documents\KBSE\Minimal22\src\assets\settings\bicycle.svg", "XML", 0, 1, 0, 0, 0, 0, 0, 0, 0, 0, 0, 1
"c:\Users\juliu\Documents\KBSE\Minimal22\src\assets\settings\delete-btn.svg", "XML", 0, 7, 0, 0, 0, 0, 0, 0, 0, 0, 1, 8
"c:\Users\juliu\Documents\KBSE\Minimal22\src\assets\settings\display.svg", "XML", 0, 4, 0, 0, 0, 0, 0, 0, 0, 0, 1, 5
"c:\Users\juliu\Documents\KBSE\Minimal22\src\assets\settings\edit.svg", "XML", 0, 4, 0, 0, 0, 0, 0, 0, 0, 0, 1, 5
"c:\Users\juliu\Documents\KBSE\Minimal22\src\assets\settings\external-link.svg", "XML", 0, 5, 0, 0, 0, 0, 0, 0, 0, 0, 1, 6
"c:\Users\juliu\Documents\KBSE\Minimal22\src\assets\settings\feedback.svg", "XML", 0, 1, 0, 0, 0, 0, 0, 0, 0, 0, 0, 1
"c:\Users\juliu\Documents\KBSE\Minimal22\src\assets\settings\gps.svg", "XML", 0, 8, 0, 0, 0, 0, 0, 0, 0, 0, 1, 9
"c:\Users\juliu\Documents\KBSE\Minimal22\src\assets\settings\hilfe.svg", "XML", 0, 5, 0, 0, 0, 0, 0, 0, 0, 0, 1, 6
"c:\Users\juliu\Documents\KBSE\Minimal22\src\assets\settings\kreis.svg", "XML", 0, 3, 0, 0, 0, 0, 0, 0, 0, 0, 1, 4
"c:\Users\juliu\Documents\KBSE\Minimal22\src\assets\settings\next.svg", "XML", 0, 3, 0, 0, 0, 0, 0, 0, 0, 0, 1, 4
"c:\Users\juliu\Documents\KBSE\Minimal22\src\assets\settings\profil-border.svg", "XML", 0, 3, 0, 0, 0, 0, 0, 0, 0, 0, 1, 4
"c:\Users\juliu\Documents\KBSE\Minimal22\src\assets\settings\question.svg", "XML", 0, 19, 0, 0, 0, 0, 0, 0, 0, 0, 1, 20
"c:\Users\juliu\Documents\KBSE\Minimal22\src\assets\settings\take-picture-btn.svg", "XML", 0, 5, 0, 0, 0, 0, 0, 0, 0, 0, 1, 6
"c:\Users\juliu\Documents\KBSE\Minimal22\src\assets\settings\vibration.svg", "XML", 0, 12, 0, 0, 0, 0, 0, 0, 0, 0, 1, 13
"c:\Users\juliu\Documents\KBSE\Minimal22\src\assets\settings\volume.svg", "XML", 0, 4, 0, 0, 0, 0, 0, 0, 0, 0, 1, 5
"c:\Users\juliu\Documents\KBSE\Minimal22\src\assets\settings\x-cancel.svg", "XML", 0, 4, 0, 0, 0, 0, 0, 0, 0, 0, 1, 5
"c:\Users\juliu\Documents\KBSE\Minimal22\src\assets\shapes.svg", "XML", 0, 1, 0, 0, 0, 0, 0, 0, 0, 0, 1, 2
"c:\Users\juliu\Documents\KBSE\Minimal22\src\assets\sign_in\question.svg", "XML", 0, 19, 0, 0, 0, 0, 0, 0, 0, 0, 1, 20
"c:\Users\juliu\Documents\KBSE\Minimal22\src\assets\tutorials\explain_assemplypoint.svg", "XML", 0, 15, 0, 0, 0, 0, 0, 0, 0, 0, 1, 16
"c:\Users\juliu\Documents\KBSE\Minimal22\src\assets\tutorials\explain_person.svg", "XML", 0, 17, 0, 0, 0, 0, 0, 0, 0, 0, 1, 18
"c:\Users\juliu\Documents\KBSE\Minimal22\src\assets\tutorials\explain_profile.svg", "XML", 0, 22, 0, 0, 0, 0, 0, 0, 0, 0, 1, 23
"c:\Users\juliu\Documents\KBSE\Minimal22\src\assets\tutorials\explain_profile_cut.svg", "XML", 0, 28, 0, 0, 0, 0, 0, 0, 0, 0, 1, 29
"c:\Users\juliu\Documents\KBSE\Minimal22\src\assets\tutorials\explain_safe_route.svg", "XML", 0, 21, 0, 0, 0, 0, 0, 0, 0, 0, 1, 22
"c:\Users\juliu\Documents\KBSE\Minimal22\src\assets\tutorials\explain_search.svg", "XML", 0, 14, 0, 0, 0, 0, 0, 0, 0, 0, 1, 15
"c:\Users\juliu\Documents\KBSE\Minimal22\src\assets\tutorials\explain_toggle.svg", "XML", 0, 20, 0, 0, 0, 0, 0, 0, 0, 0, 1, 21
"c:\Users\juliu\Documents\KBSE\Minimal22\src\assets\vibra.svg", "XML", 0, 3, 0, 0, 0, 0, 0, 0, 0, 0, 1, 4
"c:\Users\juliu\Documents\KBSE\Minimal22\src\assets\vibration1.svg", "XML", 0, 4, 0, 0, 0, 0, 0, 0, 0, 0, 1, 5
"c:\Users\juliu\Documents\KBSE\Minimal22\src\environments\environment.prod.ts", "TypeScript", 0, 0, 0, 0, 0, 0, 0, 15, 0, 0, 1, 16
"c:\Users\juliu\Documents\KBSE\Minimal22\src\environments\environment.ts", "TypeScript", 0, 0, 0, 0, 0, 0, 0, 15, 0, 11, 5, 31
"c:\Users\juliu\Documents\KBSE\Minimal22\src\global.scss", "SCSS", 0, 0, 0, 0, 0, 209, 0, 0, 0, 28, 50, 287
"c:\Users\juliu\Documents\KBSE\Minimal22\src\google-services.json", "JSON", 71, 0, 0, 0, 0, 0, 0, 0, 0, 0, 0, 71
"c:\Users\juliu\Documents\KBSE\Minimal22\src\index.html", "HTML", 0, 0, 0, 0, 20, 0, 0, 0, 0, 2, 8, 30
"c:\Users\juliu\Documents\KBSE\Minimal22\src\main.ts", "TypeScript", 0, 0, 0, 0, 0, 0, 0, 9, 0, 0, 4, 13
"c:\Users\juliu\Documents\KBSE\Minimal22\src\polyfills.ts", "TypeScript", 0, 0, 0, 0, 0, 0, 0, 2, 0, 55, 10, 67
"c:\Users\juliu\Documents\KBSE\Minimal22\src\test.ts", "TypeScript", 0, 0, 0, 0, 0, 0, 0, 13, 0, 4, 4, 21
"c:\Users\juliu\Documents\KBSE\Minimal22\src\theme\variables.scss", "SCSS", 0, 0, 0, 0, 0, 182, 0, 0, 0, 24, 37, 243
"c:\Users\juliu\Documents\KBSE\Minimal22\src\zone-flags.ts", "TypeScript", 0, 0, 0, 0, 0, 0, 0, 1, 0, 4, 1, 6
"c:\Users\juliu\Documents\KBSE\Minimal22\tsconfig.app.json", "JSON", 14, 0, 0, 0, 0, 0, 0, 0, 0, 0, 1, 15
"c:\Users\juliu\Documents\KBSE\Minimal22\tsconfig.json", "JSON", 27, 0, 0, 0, 0, 0, 0, 0, 0, 0, 1, 28
"c:\Users\juliu\Documents\KBSE\Minimal22\tsconfig.spec.json", "JSON", 19, 0, 0, 0, 0, 0, 0, 0, 0, 0, 1, 20
"c:\Users\juliu\Documents\KBSE\Minimal22\tslint.json", "JSON", 89, 0, 0, 0, 0, 0, 0, 0, 0, 0, 1, 90
"c:\Users\juliu\Documents\KBSE\Minimal22\ul_web_hooks\android\android_web_hook.html", "HTML", 0, 0, 0, 0, 6, 0, 0, 0, 0, 17, 3, 26
"Total", "-", 21417, 707, 52, 6, 1503, 2671, 14, 6035, 77, 510, 1910, 34902